{
  "schemas": [
    "urn:ietf:params:scim:api:messages:2.0:ListResponse"
  ],
  "totalResults": 1,
  "Resources": [
    {
      "id": "623206a1-d564-4b42-960b-beab0f06b847",
      "displayName": "TEST_GROUP_1",
      "owner": {
        "value": "admin",
        "$ref": "https://mobile-staging-androidautomation.l7tech.com:8443/SCIM/MAS/v2/Users/admin",
        "display": "Admin"
      },
      "members": [
        {
          "type": "User",
          "value": "sarek",
          "$ref": "https://mobile-staging-androidautomation.l7tech.com:8443/SCIM/MAS/v2/Users/sarek",
          "display": "Sarek"
        }
      ]
    }
  ]
}