{
  "id": "urn:ietf:params:scim:schemas:core:2.0:User",
  "name": "User",
  "description": "User Account",
  "attributes": [
    {
      "name": "userName",
      "type": "string",
      "multiValued": false,
      "description": "Unique identifier for the User typically used by the user to directly authenticate to the service provider. Each User MUST include a non-empty userName value.  This identifier MUST be unique across the Service Consumer's entire set of Users.  REQUIRED",
      "required": true,
      "caseExact": false,
      "mutability": "readOnly",
      "returned": "default",
      "uniqueness": "server"
    },
    {
      "name": "displayName",
      "type": "string",
      "multiValued": false,
      "description": "The name of the User, suitable for display to end-users. The name SHOULD be the full name of the User being described if known",
      "required": false,
      "caseExact": false,
      "mutability": "readOnly",
      "returned": "default",
      "uniqueness": "none"
    },
    {
      "name": "name",
      "type": "complex",
      "multiValued": false,
      "description": "The components of the user's real name. Providers MAY return just the full name as a single string in the formatted sub-attribute, or they MAY return just the individual component attributes using the other sub-attributes, or they MAY return both. If both variants are returned, they SHOULD be describing the same name, with the formatted name indicating how the component attributes should be combined.",
      "required": false,
      "subAttributes": [
        {
          "name": "familyName",
          "type": "string",
          "multiValued": false,
          "description": "The family name of the User, or Last Name in most Western languages (e.g. Jensen given the full name Ms. Barbara J Jensen, III.).",
          "required": false,
          "caseExact": false,
          "mutability": "readOnly",
          "returned": "default",
          "uniqueness": "none"
        },
        {
          "name": "givenName",
          "type": "string",
          "multiValued": false,
          "description": "The given name of the User, or First Name in most Western languages (e.g. Barbara given the full name Ms. Barbara J Jensen, III.).",
          "required": false,
          "caseExact": false,
          "mutability": "readOnly",
          "returned": "default",
          "uniqueness": "none"
        }
      ],
      "mutability": "readOnly",
      "returned": "default",
      "uniqueness": "none"
    },
    {
      "name": "password",
      "type": "string",
      "multiValued": false,
      "description": "The User's clear text password.  This attribute is intended to be used as a means to specify an initial password when creating a new User or to reset an existing User's password.",
      "required": false,
      "caseExact": false,
      "mutability": "immutable",
      "returned": "never",
      "uniqueness": "none"
    },
    {
      "name": "emails",
      "type": "complex",
      "multiValued": true,
      "description": "E-mail addresses for the user. Canonical Type values of work, home, and other.",
      "required": false,
      "subAttributes": [
        {
          "name": "value",
          "type": "string",
          "multiValued": false,
          "description": "E-mail addresses for the user. Canonical Type values of work, home, and other.",
          "required": false,
          "caseExact": false,
          "mutability": "readOnly",
          "returned": "default",
          "uniqueness": "none"
        },
        {
          "name": "display",
          "type": "string",
          "multiValued": false,
          "description": "A human readable name, primarily used for display purposes. READ-ONLY.",
          "required": false,
          "caseExact": false,
          "mutability": "readOnly",
          "returned": "default",
          "uniqueness": "none"
        },
        {
          "name": "type",
          "type": "string",
          "multiValued": false,
          "description": "A label indicating the attribute's function; e.g., 'work' or 'home'.",
          "required": false,
          "caseExact": false,
          "canonicalValues": [
            "work",
            "home",
            "other"
          ],
          "mutability": "readOnly",
          "returned": "default",
          "uniqueness": "none"
        },
        {
          "name": "primary",
          "type": "boolean",
          "multiValued": false,
          "description": "A Boolean value indicating the 'primary' or preferred attribute value for this attribute, e.g., the preferred mailing address or primary e-mail address. The primary attribute value 'true' MUST appear no more than once.",
          "required": false,
          "mutability": "readOnly",
          "returned": "default"
        }
      ],
      "mutability": "readOnly",
      "returned": "default",
      "uniqueness": "none"
    },
    {
      "name": "phoneNumbers",
      "type": "complex",
      "multiValued": true,
      "description": "Phone numbers for the User.  Canonical Type values of work, home, mobile, fax, pager and other.",
      "required": false,
      "subAttributes": [
        {
          "name": "value",
          "type": "string",
          "multiValued": false,
          "description": "Phone number of the User",
          "required": false,
          "caseExact": false,
          "mutability": "readOnly",
          "returned": "default",
          "uniqueness": "none"
        },
        {
          "name": "display",
          "type": "string",
          "multiValued": false,
          "description": "A human readable name, primarily used for display purposes. READ-ONLY.",
          "required": false,
          "caseExact": false,
          "mutability": "readOnly",
          "returned": "default",
          "uniqueness": "none"
        },
        {
          "name": "type",
          "type": "string",
          "multiValued": false,
          "description": "A label indicating the attribute's function; e.g., 'work' or 'home' or 'mobile' etc.",
          "required": false,
          "caseExact": false,
          "canonicalValues": [
            "work",
            "home",
            "mobile",
            "fax",
            "pager",
            "other"
          ],
          "mutability": "readOnly",
          "returned": "default",
          "uniqueness": "none"
        },
        {
          "name": "primary",
          "type": "boolean",
          "multiValued": false,
          "description": "A Boolean value indicating the 'primary' or preferred attribute value for this attribute, e.g., the preferred phone number or primary phone number. The primary attribute value 'true' MUST appear no more than once.",
          "required": false,
          "mutability": "readOnly",
          "returned": "default"
        }
      ],
      "mutability": "readOnly",
      "returned": "default"
    },
    {
      "name": "photos",
      "type": "complex",
      "multiValued": true,
      "description": "URLs of photos of the User.",
      "required": false,
      "subAttributes": [
        {
          "name": "value",
          "type": "reference",
          "referenceTypes": [
            "external"
          ],
          "multiValued": false,
          "description": "URL of a photo of the User.",
          "required": false,
          "caseExact": false,
          "mutability": "readOnly",
          "returned": "default",
          "uniqueness": "none"
        },
        {
          "name": "display",
          "type": "string",
          "multiValued": false,
          "description": "A human readable name, primarily used for display purposes. READ-ONLY.",
          "required": false,
          "caseExact": false,
          "mutability": "readOnly",
          "returned": "default",
          "uniqueness": "none"
        },
        {
          "name": "type",
          "type": "string",
          "multiValued": false,
          "description": "A label indicating the attribute's function; e.g., 'photo' or 'thumbnail'.",
          "required": false,
          "caseExact": false,
          "canonicalValues": [
            "photo",
            "thumbnail"
          ],
          "mutability": "readOnly",
          "returned": "default",
          "uniqueness": "none"
        }
      ],
      "mutability": "readOnly",
      "returned": "default"
    },
    {
      "name": "groups",
      "type": "complex",
      "multiValued": true,
      "description": "A list of groups that the user belongs to, either thorough direct membership, nested groups, or dynamically calculated",
      "required": false,
      "subAttributes": [
        {
          "name": "value",
          "type": "string",
          "multiValued": false,
          "description": "The identifier of the User's group.",
          "required": false,
          "caseExact": false,
          "mutability": "readOnly",
          "returned": "default",
          "uniqueness": "none"
        },
        {
          "name": "$ref",
          "type": "reference",
          "referenceTypes": [
            "User",
            "Group"
          ],
          "multiValued": false,
          "description": "The URI of the corresponding Group resource to which the user belongs",
          "required": false,
          "caseExact": false,
          "mutability": "readOnly",
          "returned": "default",
          "uniqueness": "none"
        },
        {
          "name": "display",
          "type": "string",
          "multiValued": false,
          "description": "A human readable name, primarily used for display purposes. READ-ONLY.",
          "required": false,
          "caseExact": false,
          "mutability": "readOnly",
          "returned": "default",
          "uniqueness": "none"
        },
        {
          "name": "type",
          "type": "string",
          "multiValued": false,
          "description": "A label indicating the attribute's function; e.g., 'direct' or 'indirect'.",
          "required": false,
          "caseExact": false,
          "canonicalValues": [
            "direct",
            "indirect"
          ],
          "mutability": "readOnly",
          "returned": "default",
          "uniqueness": "none"
        }
      ],
      "mutability": "readOnly",
      "returned": "default"
    }
  ],
  "meta": {
    "resourceType": "Schema",
    "location": "https://mobile-staging-androidautomation.l7tech.com:8443/SCIM/MAS/v2/Schemas/urn:ietf:params:scim:schemas:core:2.0:User"
  }
}