{
  "id": "urn:ietf:params:scim:schemas:core:2.0:Group",
  "name": "Group",
  "description": "Group",
  "attributes": [
    {
      "name": "displayName",
      "type": "string",
      "multiValued": false,
      "description": "Human readable name for the Group. REQUIRED.",
      "required": true,
      "caseExact": false,
      "mutability": "readWrite",
      "returned": "default",
      "uniqueness": "none"
    },
    {
      "name": "owner",
      "type": "complex",
      "multiValued": false,
      "description": "Information about the owner of the group",
      "required": true,
      "subAttributes": [
        {
          "name": "value",
          "type": "string",
          "multiValued": false,
          "description": "Identifier of the owner of this Group.",
          "required": true,
          "caseExact": false,
          "mutability": "readWrite",
          "returned": "default",
          "uniqueness": "none"
        },
        {
          "name": "$ref",
          "type": "reference",
          "referenceTypes": [
            "User"
          ],
          "multiValued": false,
          "description": "The URI corresponding to the owner resource of this Group.",
          "required": false,
          "caseExact": false,
          "mutability": "readOnly",
          "returned": "default",
          "uniqueness": "none"
        },
        {
          "name": "display",
          "type": "string",
          "multiValued": false,
          "description": "The displayName of the Group's owner.",
          "required": false,
          "caseExact": false,
          "mutability": "readOnly",
          "returned": "default",
          "uniqueness": "none"
        }
      ],
      "mutability": "readWrite",
      "returned": "default",
      "uniqueness": "none"
    },
    {
      "name": "members",
      "type": "complex",
      "multiValued": true,
      "description": "A list of members of the Group.",
      "required": false,
      "subAttributes": [
        {
          "name": "value",
          "type": "string",
          "multiValued": false,
          "description": "Identifier of the member of this Group.",
          "required": true,
          "caseExact": false,
          "mutability": "immutable",
          "returned": "default",
          "uniqueness": "none"
        },
        {
          "name": "$ref",
          "type": "reference",
          "referenceTypes": [
            "User",
            "Group"
          ],
          "multiValued": false,
          "description": "The URI of the corresponding to the member resource of this Group.",
          "required": false,
          "caseExact": false,
          "mutability": "readOnly",
          "returned": "default",
          "uniqueness": "none"
        },
        {
          "name": "type",
          "type": "string",
          "multiValued": false,
          "description": "A label indicating the type of resource; e.g., 'User' or 'Group'.",
          "required": false,
          "caseExact": false,
          "canonicalValues": [
            "User",
            "Group"
          ],
          "mutability": "immutable",
          "returned": "default",
          "uniqueness": "none"
        },
        {
          "name": "display",
          "type": "string",
          "multiValued": false,
          "description": "The displayName of the User.",
          "required": false,
          "caseExact": false,
          "mutability": "readOnly",
          "returned": "default",
          "uniqueness": "none"
        }
      ],
      "mutability": "readWrite",
      "returned": "default"
    }
  ],
  "meta": {
    "resourceType": "Schema",
    "location": "https://mobile-staging-androidautomation.l7tech.com:8443/SCIM/MAS/v2/Schemas/urn:ietf:params:scim:schemas:core:2.0:Group"
  }
}